Name,Type,Sector,Stage,Area,Website
ITC Limited,Startup,D2C Brands,Public,Other,https://itcportal.com/
Coal India Limited,Startup,DeepTech / HardTech,Public,New Town / Rajarhat,https://www.coalindia.in/
UCO Bank,Startup,FinTech,Public,Other,https://www.uco.bank.in/
Bandhan Bank,Startup,FinTech,Public,Salt Lake (Sector V),https://www.bandhanbank.com/
CESC Limited,Startup,Other,Public,Other,https://www.cesc.co.in/
Emami Limited,Startup,D2C Brands,Public,EM Bypass,https://www.emamiltd.in/
Exide Industries,Startup,DeepTech / HardTech,Public,Other,https://www.exideindustries.com/
Berger Paints India,Startup,Other,Public,Other,https://www.bergerpaints.com/
Lux Industries,Startup,D2C Brands,Public,Salt Lake (Sector V),https://luxindustries.com/
Rupa & Company,Startup,D2C Brands,Public,Other,https://rupa.co.in/
Senco Gold & Diamonds,Startup,D2C Brands,Public,Other,https://sencogoldanddiamonds.com/
Vedant Fashions,Startup,D2C Brands,Public,Other,https://www.vedantfashions.com/
Titagarh Rail Systems,Startup,DeepTech / HardTech,Public,Park Street & Camac Street,https://www.titagarh.in/
Texmaco Rail & Engineering,Startup,DeepTech / HardTech,Public,Other,https://www.texmaco.in/
Garden Reach Shipbuilders & Engineers,Startup,DeepTech / HardTech,Public,Other,https://grse.in/
MSTC Limited,Startup,SaaS,Public,New Town / Rajarhat,https://www.mstcindia.co.in/
Keventer Agro,Startup,D2C Brands,Unconfirmed,Other,https://www.keventer.com/
Patton International,Startup,DeepTech / HardTech,Unconfirmed,Park Street & Camac Street,https://www.pattonindia.com/
IFB Industries,Startup,DeepTech / HardTech,Public,Other,https://ifbindustries.com/
Balmer Lawrie & Company,Startup,Logistics,Public,Other,https://balmerlawrie.com/
Albert David,Startup,Healthtech,Public,Other,https://albertdavidindia.com/
Anmol Industries,Startup,D2C Brands,Unconfirmed,Other,https://www.anmolindustries.com/
Graphite India,Startup,DeepTech / HardTech,Public,Other,https://graphiteindia.com/
PCBL Limited,Startup,DeepTech / HardTech,Public,Other,https://www.pcblltd.com/
Tega Industries,Startup,DeepTech / HardTech,Public,Other,https://tegaindustries.com/
Shyam Steel Industries,Startup,DeepTech / HardTech,Unconfirmed,Other,https://www.shyamsteel.com/
Electrosteel Castings,Startup,DeepTech / HardTech,Public,Park Street & Camac Street,https://www.electrosteel.com/
India Power Corporation,Startup,Other,Public,Other,https://www.indiapower.com/
Haldia Petrochemicals,Startup,DeepTech / HardTech,Unconfirmed,Salt Lake (Sector V),https://www.haldiapetrochemicals.com/
Eveready Industries India,Startup,D2C Brands,Public,Other,https://www.eveready.in/
Birla Corporation,Startup,DeepTech / HardTech,Public,Other,https://www.birlacorporation.com/
Jay Shree Tea & Industries,Startup,D2C Brands,Public,Other,https://jayshreetea.in/
Dhunseri Investments,Startup,Other,Public,Other,https://dhunseriinvestments.com/
Dhunseri Ventures,Startup,Other,Public,Other,https://dhunseriventures.com/
Jai Balaji Industries,Startup,DeepTech / HardTech,Public,Other,https://www.jaibalajigroup.com/
Techno Electric & Engineering,Startup,DeepTech / HardTech,Public,Other,https://www.techno.co.in/
Linc Limited,Startup,D2C Brands,Public,Other,https://www.lincpen.com/
GKW Limited,Startup,DeepTech / HardTech,Public,Other,https://gkwlimited.com/
Himadri Speciality Chemical,Startup,DeepTech / HardTech,Public,Other,https://himadri.com/
Petro Carbon and Chemicals,Startup,DeepTech / HardTech,Public,Park Street & Camac Street,https://pccl.in/
Vikram Solar,Startup,DeepTech / HardTech,Unconfirmed,EM Bypass,https://www.vikramsolar.com/
Websol Energy System,Startup,DeepTech / HardTech,Public,Other,https://www.webelsolar.com/
Sova Solar,Startup,DeepTech / HardTech,Unconfirmed,Other,https://sovasolar.com/
Flurys,Startup,D2C Brands,Unconfirmed,Park Street & Camac Street,https://flurys.com/
K.C. Das,Startup,D2C Brands,Unconfirmed,Other,https://kcdas.com/
SAJ Food Products / Bisk Farm,Startup,D2C Brands,Unconfirmed,Other,https://www.biskfarm.com/
Khadim India,Startup,D2C Brands,Public,Other,https://khadims.com/
Apeejay Surrendra Park Hotels,Startup,Other,Public,Other,https://www.parkhotelgroup.com/
Peerless General Finance,Startup,FinTech,Unconfirmed,Other,https://peerlessgeneral.com/
iMerit Technology,Startup,AI & ML,Unconfirmed,Other,https://imerit.net/
SentientGeeks,Startup,SaaS,Bootstrapped,Other,https://sentientgeeks.com/
Glocal Healthcare,Startup,Healthtech,Unconfirmed,Other,https://ghspl.com/
Medikabazaar,Startup,Healthtech,Unconfirmed,Other,https://www.medikabazaar.com/
CLIRnet,Startup,Healthtech,Unconfirmed,Other,https://clirnet.com/
SleepyCat,Startup,D2C Brands,Unconfirmed,Other,https://sleepycat.in/
Veritas Finance,Startup,FinTech,Series C+,Other,https://www.veritasfin.in/
Exavalu,Startup,SaaS,Unconfirmed,Salt Lake (Sector V),https://www.exavalu.com/
Globsyn Technologies,Startup,SaaS,Bootstrapped,Salt Lake (Sector V),https://www.globsyn.com/
Meghbela Broadband,Startup,Consumer Tech,Unconfirmed,Salt Lake (Sector V),https://www.meghbela.com/
Manikaran Power,Startup,Other,Unconfirmed,Other,https://www.manikaranpower.com/
India Carbon,Startup,DeepTech / HardTech,Unconfirmed,Other,https://www.indiacarbon.com/
Bengal NRI Complex,Startup,Other,Unconfirmed,New Town / Rajarhat,https://www.bengalnri.com/
The Calcutta Stock Exchange,Incubators & Hubs,FinTech,Public,Other,https://www.cse-india.com/
West Bengal Electronics Industry Development Corporation,Incubators & Hubs,DeepTech / HardTech,Public,Salt Lake (Sector V),https://webel.in/
West Bengal Industrial Development Corporation,Incubators & Hubs,Other,Public,Other,https://www.wbidc.com/
West Bengal Financial Corporation,Incubators & Hubs,FinTech,Public,Other,https://wbfc.in/
HIDCO,Incubators & Hubs,Other,Public,New Town / Rajarhat,https://www.wbhidcoltd.com/
West Bengal Tourism Development Corporation,Incubators & Hubs,Other,Public,Other,https://www.wbtourism.gov.in/
Bengal Chamber of Commerce & Industry,Incubators & Hubs,Other,Unconfirmed,Other,https://www.bengalchamber.com/
Indian Chamber of Commerce,Incubators & Hubs,Other,Unconfirmed,Other,https://www.indianchamber.org/
Merchants’ Chamber of Commerce,Incubators & Hubs,Other,Unconfirmed,Other,https://www.mcciorg.com/
Bengal Chamber Tech Incubation Centre,Incubators & Hubs,SaaS,Unconfirmed,Other,https://www.bengalchamber.com/techincubation/portfolio.html
Techno India University Kolkata,Incubators & Hubs,DeepTech / HardTech,Unconfirmed,Other,https://www.technoindiaeducation.com/
University of Engineering & Management Kolkata,Incubators & Hubs,EdTech,Unconfirmed,New Town / Rajarhat,https://uem.edu.in/kolkata/
NEEV – IMI Kolkata Incubation Centre,Incubators & Hubs,Other,Unconfirmed,Alipore,https://incubation.imi-k.edu.in/
IDEAS Technology Innovation Hub,Incubators & Hubs,AI & ML,Unconfirmed,Other,https://www.ideas-tih.org/
IEM Innovation & Entrepreneurship Development Centre,Incubators & Hubs,AI & ML,Unconfirmed,Salt Lake (Sector V),https://iedc.iem.edu.in/
Globsyn Embryon,Incubators & Hubs,Other,Unconfirmed,Salt Lake (Sector V),https://www.globsyn.edu.in/gbs-embryon
RPSG Capital Ventures,VCs & Investors,D2C Brands,Unconfirmed,Alipore,https://www.rpsg.in/business/rpsgventure
Primarc I-Venture,VCs & Investors,Other,Unconfirmed,Salt Lake (Sector V),https://primarc.in/our-business/angel-investing
Vesuvius India,Startup,DeepTech / HardTech,Public,Other,https://www.vesuviusindia.com/
Bengal Chemicals & Pharmaceuticals,Startup,Healthtech,Public,Other,https://www.bengalchemicals.co.in/
Woodlands Multispeciality Hospital,Startup,Healthtech,Unconfirmed,Other,https://www.woodlandshospital.in/
AMRI Hospitals,Startup,Healthtech,Unconfirmed,EM Bypass,https://www.amrihospitals.in/
Peerless Hospital,Startup,Healthtech,Unconfirmed,Other,https://www.peerlesshospital.com/
Belle Vue Clinic,Startup,Healthtech,Unconfirmed,Park Street & Camac Street,https://www.bellevueclinic.com/
Medica Superspecialty Hospital,Startup,Healthtech,Unconfirmed,Other,https://www.medicahospitals.in/
