Name,Type,Sector,Stage,Area,Website,Description,Source/Verification Note
Wow! Momo Foods,Startup,Other,Series C+,Other,https://www.wowmomo.com/,India's largest homegrown momo-focused QSR chain with 650+ outlets across 30+ cities; also owns Wow! China and Wow! Chicken.,eChai Ventures Kolkata directory (echai.ventures/kolkata); StartupBlink Kolkata rankings; Tiger Global led ~$23M growth round per public reporting
Nestasia,Startup,D2C Brands,Unconfirmed,Other,https://nestasia.in/,"D2C and omnichannel home-decor, tableware and lifestyle brand expanding into physical retail.","eChai Ventures Kolkata directory; StartupBlink Kolkata top-startups page (funding $12.3M, exact round unconfirmed)"
StockEdge,Startup,FinTech,Unconfirmed,Salt Lake (Sector V),https://stockedge.com/,"Stock-market analytics and research app for individual retail investors, part of the Kredent group.",eChai Ventures Kolkata directory; StartupBlink Kolkata top-startups page; Fincubation address confirms Kredent Towers Sector V HQ
Arohan Financial Services,Startup,FinTech,Unconfirmed,Other,https://arohan.in/,NBFC-microfinance institution offering small-ticket loans to underserved low-income borrowers in eastern India.,eChai Ventures Kolkata directory; StartupBlink Kolkata top-startups page
WishCare,Startup,D2C Brands,Unconfirmed,Other,https://www.mywishcare.com/,D2C beauty and personal-care brand focused on hair-care and skincare essentials.,eChai Ventures Kolkata directory; StartupBlink Kolkata top-startups page
Motovolt Mobility,Startup,DeepTech / HardTech,Unconfirmed,Other,https://www.motovolt.co/,Designer and manufacturer of electric bikes and smart e-cycles/e-scooters for last-mile mobility.,eChai Ventures Kolkata directory; StartupBlink Kolkata top-startups page
What's Up Wellness,Startup,D2C Brands,Unconfirmed,Other,https://whatsupwellness.in/,"D2C wellness brand selling nutraceutical gummies for hair, skin and nails.","eChai Ventures Kolkata directory; StartupBlink Kolkata top-startups page [VERIFY: born in Kolkata, current HQ location unclear per eChai note]"
TalkEsport,Startup,Gaming,Unconfirmed,Other,https://www.talkesport.com/,Esports and gaming media portal covering news and events with global readership.,eChai Ventures Kolkata directory; StartupBlink Kolkata top-startups page
SuperProcure,Startup,SaaS,Unconfirmed,Other,https://superprocure.com/,End-to-end transport-management SaaS platform for enterprise freight sourcing and logistics automation.,eChai Ventures Kolkata directory; StartupBlink Kolkata top-startups page
Snap-E Cabs,Startup,Logistics,Unconfirmed,Other,https://snapecabs.com/,"All-electric ride-hailing platform in Kolkata offering city rides, rentals and outstation trips on a 100% EV fleet.",eChai Ventures Kolkata directory; StartupBlink Kolkata top-startups page
NowPurchase,Startup,SaaS,Unconfirmed,Other,https://nowpurchase.com/,B2B procurement and manufacturing-intelligence platform for metal foundries; backed by Orios Venture Partners and InfoEdge Ventures.,eChai Ventures Kolkata directory; StartupBlink Kolkata top-startups page
mPokket,Startup,FinTech,Unconfirmed,Other,https://www.mpokket.com/,"Digital app providing small-ticket instant personal loans to college students, gig workers and salaried professionals.",eChai Ventures Kolkata directory (echai.ventures/kolkata/startups)
Sreeleathers,Startup,D2C Brands,Bootstrapped,Other,https://www.sreeleathers.com/,Footwear and leather-goods retail chain with 42+ stores across 10 states plus online.,eChai Ventures Kolkata directory
Aashiyaan Housing and Development Finance,Startup,FinTech,Unconfirmed,Other,[VERIFY: no confirmed live website found],Housing finance company serving borrowers in the informal sector.,eChai Ventures Kolkata directory [VERIFY: could not independently confirm a live company website in this session]
Amwoodo Eco Products,Startup,D2C Brands,Unconfirmed,Other,https://amwoodo.com/,"Sustainable bamboo-based alternatives to plastic, personal care, hospitality and construction materials; exports to Europe.",eChai Ventures Kolkata directory
Assessli,Startup,EdTech,Unconfirmed,Other,https://assessli.com/,AI-driven assessment platform tailoring learning content and development plans to individual students.,eChai Ventures Kolkata directory
Data Sutram,Startup,AI & ML,Unconfirmed,Other,https://datasutram.com/,"AI location-intelligence and alternative-data platform for fintech risk, site-selection and asset analytics.",eChai Ventures Kolkata directory [VERIFY: founded in Kolkata 2018; several sources now list primary HQ in Mumbai]
DSMenu,Startup,SaaS,Unconfirmed,Other,https://www.dsmenu.com/,Digital menu-board and signage SaaS product for quick-service restaurants.,eChai Ventures Kolkata directory
Elearnmarkets,Startup,EdTech,Unconfirmed,Salt Lake (Sector V),https://www.elearnmarkets.com/,Online financial-markets education and learning platform for investors and traders under the Kredent group.,eChai Ventures Kolkata directory
Hoichoi,Startup,Other,Unconfirmed,Other,https://www.hoichoi.tv/,"Leading Bengali-language OTT streaming platform from SVF with originals, films and music.",eChai Ventures Kolkata directory
iManageMyHotel,Startup,SaaS,Unconfirmed,Other,https://www.imanagemyhotel.com/,"Cloud hotel-management SaaS with channel manager, POS/restaurant and booking-engine modules.",eChai Ventures Kolkata directory
Indo Wagen,Startup,DeepTech / HardTech,Unconfirmed,Other,https://indowagen.com/,"Manufacturer of battery-operated passenger e-rickshaws, cargo tricycles and personal e-scooters.",eChai Ventures Kolkata directory
Jagaran Microfin,Startup,FinTech,Unconfirmed,Other,https://www.jagaranmf.com/,Microfinance provider offering micro-loans to women from low-income groups.,eChai Ventures Kolkata directory
Jewelbox,Startup,D2C Brands,Unconfirmed,Other,https://jewelbox.co.in/,Lab-grown diamond jewelry D2C brand blending sustainable diamonds with omnichannel retail.,eChai Ventures Kolkata directory
Karma Kettle,Startup,D2C Brands,Bootstrapped,Other,https://karmakettle.com/,Artisanal and gourmet tea brand with 100+ tea variants and blends.,eChai Ventures Kolkata directory
Kredent InfoEdge,Startup,FinTech,Unconfirmed,Salt Lake (Sector V),https://www.kredentinfoedge.com/,Financial-markets education and technology group; parent company of StockEdge and Elearnmarkets.,eChai Ventures Kolkata directory
Mihup,Startup,AI & ML,Unconfirmed,Other,https://mihup.ai/,Conversational-intelligence and voice-AI platform for contact centers and in-vehicle voice assistants.,eChai Ventures Kolkata directory
Mio Amore,Startup,Other,Bootstrapped,Other,https://www.mioamore.in/,"Bakery, cakes and confectionery QSR chain widespread across Eastern India, part of Magus Estates & Hotels.",eChai Ventures Kolkata directory
Miss Chase,Startup,D2C Brands,Unconfirmed,Other,https://www.misschase.com/,Women's fast-fashion D2C brand sold via marketplaces and its own site.,eChai Ventures Kolkata directory
Mobel Furniture,Startup,D2C Brands,Bootstrapped,Other,https://www.mobelindia.com/,Furniture retail brand with 31 stores across Eastern India plus an online store.,eChai Ventures Kolkata directory
Rare Planet,Startup,D2C Brands,Unconfirmed,Other,https://rareplanet.com/,"D2C retail brand selling indigenous handmade Indian handicrafts, supporting local artisans, with airport and online retail.",eChai Ventures Kolkata directory
Relaso,Startup,SaaS,Unconfirmed,Other,https://www.relaso.com/,Social CRM and customer-service SaaS platform.,eChai Ventures Kolkata directory
RupeeVest,Startup,FinTech,Unconfirmed,Other,https://www.rupeevest.com/,Online investment and research platform for direct mutual funds and corporate fixed deposits.,eChai Ventures Kolkata directory
SastaSundar,Startup,Healthtech,Unconfirmed,Other,https://www.sastasundar.com/,Online pharmacy and digital-healthcare marketplace with Healthbuddy franchise stores across West Bengal.,eChai Ventures Kolkata directory; also referenced in Inc42 Kolkata startup list
Simaaya,Startup,D2C Brands,Bootstrapped,Other,https://www.simaaya.com/,"Ethnic apparel and saree D2C brand, winner of Star Retailer Award 2014.",eChai Ventures Kolkata directory
Sisir Radar,Startup,DeepTech / HardTech,Unconfirmed,Other,https://www.sisirradar.com/,Synthetic-aperture radar (SAR) satellite and earth-observation hardware startup with climate and agri monitoring applications.,eChai Ventures Kolkata directory
Taxmantra,Startup,FinTech,Unconfirmed,Other,https://taxmantra.com/,"Cross-border tax, legal, compliance and fundraising advisory platform for startups and businesses.",eChai Ventures Kolkata directory; also referenced in Startups Union Kolkata IT-startup list
Textify Analytics,Startup,AI & ML,Unconfirmed,Other,https://textify.ai/,Multimodal AI platform extracting insights from documents and datasets via natural-language queries.,eChai Ventures Kolkata directory
The House of Ganges,Startup,D2C Brands,Unconfirmed,Other,https://thehouseofganges.com/,Vegan and sustainable leather handbags and accessories D2C brand.,eChai Ventures Kolkata directory
The Tea Shelf,Startup,D2C Brands,Bootstrapped,Other,https://theteashelf.com/,"Direct-from-garden premium loose-leaf tea D2C brand (Darjeeling, Assam, Nilgiri).",eChai Ventures Kolkata directory
Uptownie,Startup,D2C Brands,Unconfirmed,Other,https://uptownie.in/,Women's fashion D2C brand serving 10+ lakh customers online.,eChai Ventures Kolkata directory
Videonetics,Startup,AI & ML,Unconfirmed,Other,https://www.videonetics.com/,"AI-powered video-management and video-analytics platform for facial recognition, traffic and crowd analysis.",eChai Ventures Kolkata directory
Village Financial Services,Startup,FinTech,Unconfirmed,Other,https://village.net.in/,Microfinance company providing small-ticket credit to underserved communities.,eChai Ventures Kolkata directory
Aglo,Startup,D2C Brands,Bootstrapped,Other,https://aglofoods.com/,FMCG food brand offering kitchen staples and premium dry fruits via D2C.,eChai Ventures Kolkata directory
Altius Investech,Startup,FinTech,Unconfirmed,Other,https://altiusinvestech.com/,"Marketplace and data platform for buying and selling unlisted, pre-IPO and private-equity shares.",eChai Ventures Kolkata directory
Asanify,Startup,SaaS,Unconfirmed,Other,https://asanify.com/,"AI-based HR, payroll and EOR/compliance SaaS for startups, SMBs and global-hiring companies.",eChai Ventures Kolkata directory
Beyond Water,Startup,D2C Brands,Bootstrapped,Other,https://beyondwater.in/,Sugar-free water-enhancer and hydration-drops brand turning plain water into flavored functional drinks.,eChai Ventures Kolkata directory
Chai Craft,Startup,D2C Brands,Bootstrapped,Other,https://chaicraft.in/,Organic chai brand and cafe chain plus packaged tea; won 'Emerging Brand of the Year'.,eChai Ventures Kolkata directory
Clan Earth,Startup,D2C Brands,Bootstrapped,Other,https://clanearth.com/,Sustainable lifestyle and apparel brand that ties purchases to tree-planting.,eChai Ventures Kolkata directory
Desi Minimals,Startup,D2C Brands,Bootstrapped,Other,https://desiminimals.com/,Minimalist unisex clothing D2C brand with Indian design sensibility.,eChai Ventures Kolkata directory
Dorje Teas,Startup,D2C Brands,Bootstrapped,Other,https://dorjeteas.com/,Subscription-first Darjeeling tea D2C brand sourcing from the founders' family Selim Hill estate.,eChai Ventures Kolkata directory
Drones Tech Lab,Startup,DeepTech / HardTech,Unconfirmed,Other,[VERIFY: no confirmed live website found],"Manufacturer and distributor of surveillance drones and drone cameras, incubated at IIM Calcutta.",eChai Ventures Kolkata directory
FusionCharts (InfoSoft Global),Startup,SaaS,Acquired,Other,https://www.fusioncharts.com/,"Enterprise JavaScript charting and data-visualization component library; founded and long HQ'd in Kolkata, acquired by Idera in 2020.",eChai Ventures Kolkata directory
GoodFlow,Startup,SaaS,Unconfirmed,Other,https://goodflow.io/,"Lean process-management SaaS for recurring checklists, workflows and SOPs.",eChai Ventures Kolkata directory
IndustryPrime,Startup,SaaS,Unconfirmed,Other,https://www.industryprime.com/,"Cloud procurement and purchase-management SaaS and marketplace, initially built for steel manufacturers.",eChai Ventures Kolkata directory
InSync Tech-Fin Solutions (APPSeCONNECT),Startup,SaaS,Bootstrapped,Other,https://www.appseconnect.com/,Hybrid integration-platform SaaS (APPSeCONNECT) connecting ERPs like SAP and Dynamics with ecommerce platforms.,eChai Ventures Kolkata directory
Kotai Electronics,Startup,DeepTech / HardTech,Unconfirmed,Other,https://kotaielectronics.com/,"AI+IoT hardware/software firm building intelligent traffic, railway-safety and industrial/defence AI systems.",eChai Ventures Kolkata directory
Notebook (Networkz),Startup,EdTech,Unconfirmed,Other,https://notebook.co.in/,"Mobile-first K-12 learning platform with curriculum-aligned audio-visual content, 2M+ users.",eChai Ventures Kolkata directory
NrXen IT Technologies,Startup,DeepTech / HardTech,Unconfirmed,Other,https://nrxen.com/,"Product startup building IoT, machine-learning and AI hardware/software solutions.",eChai Ventures Kolkata directory
Senrysa Technologies,Startup,FinTech,Unconfirmed,Other,https://senrysa.com/,"B2B fintech and retail-tech solutions integrating biometric authentication, payments and banking software.",eChai Ventures Kolkata directory
TABLT Pharmacy,Startup,Healthtech,Unconfirmed,Other,[VERIFY: no confirmed live website found],"Omnichannel pharmacy (formerly Sabse Sasta Dukan) operating across 500+ towns in WB, Bihar, Jharkhand and Odisha.",eChai Ventures Kolkata directory
Delta Autocorp (Deltic),Startup,DeepTech / HardTech,Unconfirmed,Other,https://deltic.co/,"Manufacturer of Deltic-brand electric scooters, e-rickshaws, e-loaders and e-garbage vehicles.",eChai Ventures Kolkata directory
Khadiza Electricals,Startup,Consumer Tech,Unconfirmed,Other,https://www.khadizaelectricals.com/,Electrical goods and appliances ecommerce/retail company.,StartupBlink Kolkata top-startups page (funding data listed)
Calcutta Angels Network (CAN),VCs & Investors,Other,Unconfirmed,Other,https://calcuttaangels.com/,"Eastern India's first angel-investment network, backing early-stage startups across sectors since 2013.",eChai Ventures Kolkata directory (echai.ventures/kolkata/vcs); LinkedIn company page in.linkedin.com/company/calcutta-angels-network
RPSG Capital Ventures,VCs & Investors,D2C Brands,Unconfirmed,Other,https://rpsgcapital.vc/,"Corporate venture arm investing in consumer/D2C food-and-beverage, personal-care and lifestyle companies, ~27-company portfolio.",eChai Ventures Kolkata directory
Navam Capital,VCs & Investors,DeepTech / HardTech,Unconfirmed,Other,https://www.navamcapital.com/,"Deep-tech and frontier-science venture fund (spacetech, climate/energy, AI, robotics, materials); backers of Agnikul Cosmos and GalaxEye.",eChai Ventures Kolkata directory
Seeders (Seeders Venture Capital),VCs & Investors,Other,Unconfirmed,Other,https://www.seeders.in/,Sector-agnostic seed/pre-seed syndicate that has deployed small cheques across 70+ startups.,eChai Ventures Kolkata directory
Kolkata Ventures,VCs & Investors,Other,Unconfirmed,Other,https://kolkataventures.com/,Early-stage accelerator/investor supporting consumer and life-sciences startups with virtual incubation and seed support.,eChai Ventures Kolkata directory
SL Kolkata Angels (StartupLanes),VCs & Investors,Other,Unconfirmed,Other,https://www.startuplanes.com/sl-kolkata-angels/,Sector-agnostic angel-investing chapter syndicating seed-stage deals in Kolkata.,eChai Ventures Kolkata directory
Startup Bengal / West Bengal MSME Venture Capital Fund,VCs & Investors,Other,Unconfirmed,Other,https://www.startupbengal.in/,"Government of West Bengal's startup-ecosystem facilitator and MSME venture-capital fund (~Rs 200 Cr corpus), offering seed grants and investor connects.",eChai Ventures Kolkata directory
"NASSCOM 10,000 Startups Warehouse Kolkata",Incubators & Hubs,SaaS,Unconfirmed,Salt Lake (Sector V),https://nasscomstartups.com/,Plug-and-play incubation warehouse for IT/SaaS startups; Kolkata is NASSCOM's second Startup Warehouse after Bangalore.,eChai Ventures Kolkata directory; Inc42 coverage of NASSCOM Kolkata warehouse launch
TotalStart,Incubators & Hubs,Other,Unconfirmed,New Town / Rajarhat,https://totalstart.in/,"Entrepreneurship-ecosystem developer running Kolkata's first incubation centre, focused on micro/rural entrepreneurs and women founders.",eChai Ventures Kolkata directory
Tata Social Enterprise Challenge (TSEC) Incubation,Incubators & Hubs,Other,Unconfirmed,Other,https://www.tatasocialenterprisechallenge.org/,"Incubation program for social enterprises offering funding connections, training and workspace.",eChai Ventures Kolkata directory
Freeset Business Incubator,Incubators & Hubs,Other,Unconfirmed,Other,https://freesetglobal.com/,Business incubator supporting social enterprises addressing poverty and human trafficking through employment for vulnerable women.,eChai Ventures Kolkata directory
Headstart Network - Kolkata Chapter,Incubators & Hubs,Other,Unconfirmed,Other,https://headstart.in/,Regional chapter of India's Headstart Network running Startup Saturday meetups and peer mentoring for early-stage founders.,eChai Ventures Kolkata directory
IIM Calcutta Innovation Park (IIMCIP),Incubators & Hubs,Other,Unconfirmed,Other,https://iimcip.org/,"IIM Calcutta's business-incubation unit supporting deep-tech, social-venture, healthcare and MSME startups across East and North-East India.","eChai Ventures Kolkata directory [VERIFY: campus is in Joka, on Kolkata's southern edge; not a strict match to listed Kolkata areas]"
Fincubation,Incubators & Hubs,FinTech,Unconfirmed,Salt Lake (Sector V),https://fincubation.com/,"Fintech-exclusive incubator/accelerator offering office space, fundraising assistance and alumni mentorship at Kredent Towers, Sector V.",eChai Ventures Kolkata directory
Neotec Hub (Ambuja Neotia Group),Incubators & Hubs,Other,Unconfirmed,Other,https://www.ambujaneotia.com/our-businesses/incubation/,"Corporate incubation program offering a 12-month track with free workspace and access to the Ambuja Neotia Group's realty, healthcare and hospitality businesses as test beds.",eChai Ventures Kolkata directory
Jadavpur University Incubation Centre (JU Innovation & Startup / IIC),Incubators & Hubs,DeepTech / HardTech,Unconfirmed,Jadavpur,https://juinnovationstartup.jdvu.ac.in/,"University incubation centre supporting research-driven deep-tech student and faculty ventures in AI, healthcare and sustainable energy.",eChai Ventures Kolkata directory
AIC Techno Innovation and Incubation Council,Incubators & Hubs,Other,Unconfirmed,Other,https://aic-techno.com/,Government-supported (Atal Innovation Mission) incubation council backing social-innovation and emerging-tech ventures with grant-in-aid funding.,eChai Ventures Kolkata directory
WEBEL-BCC&I Tech Incubation Centre,Incubators & Hubs,Other,Unconfirmed,Other,https://www.bengalchamber.com/techincubation/index.html,Joint WEBEL / Bengal Chamber of Commerce tech incubation centre supporting IT and MSME digital-transformation startups.,eChai Ventures Kolkata directory
STPI Kolkata,Incubators & Hubs,SaaS,Unconfirmed,Salt Lake (Sector V),https://kolkata.stpi.in/,Software Technology Parks of India centre offering plug-and-play incubation space and a Next Generation Incubation Scheme for IT/ITeS and frontier-tech startups.,eChai Ventures Kolkata directory
RISE Foundation (IISER Kolkata Incubation Centre),Incubators & Hubs,DeepTech / HardTech,Unconfirmed,Other,https://www.iiserkol.ac.in/,Incubation centre supporting science research and deep-tech ventures by IISER Kolkata students and faculty.,"eChai Ventures Kolkata directory [VERIFY: campus is in Mohanpur, Nadia, in the Kolkata metro region but outside city limits]"
